"ISO3","COUNTRY","country_extra_pasture_km","country_extra_arable_fallow_km","Median_total_glob_trans","Lower_total_glob_trans","Upper_total_glob_trans","Median_total_glob_occ","Lower_total_glob_occ","Upper_total_glob_occ","Median_total_reg_trans","Lower_total_reg_trans","Upper_total_reg_trans","Median_total_reg_occ","Lower_total_reg_occ","Upper_total_reg_occ"
"AZE","Azerbaijan",0,0,0,0,0,0,0,0,0,0,0,0,0,0
"ALB","Albania",0,0,0,0,0,0,0,0,0,0,0,0,0,0
"AGO","Angola",676.23394109307,353.281837207922,0.350309282073525,0,4.67449738233404,0.0101506016094311,0,0.0689730713204173,23.7021860497768,0,268.904595149025,0.546563873750937,0,3.56346039922212
"ARG","Argentina",8594.20624384965,1312.7443280153,5.95775311714727,0,38.2819589624467,0.0455120478255526,0,0.261824254293583,161.357276237723,0,950.517170411228,1.47476337772473,0,8.080556089305
"AUS","Australia",0,0,0,0,0,0,0,0,0,0,0,0,0,0
"AUT","Austria",181.65121509762,120.486483525911,0.760469121731679,0,3.62332732365744,0.00192859149715461,0,0.00904453614735865,73.8858743365569,0,298.481055103426,0.191373820990287,0,0.763844200284944
"BWA","Botswana",3368.06912708645,701.915513083921,0.487213801974503,0,4.42998405750479,0.00846234400304206,0,0.0523990534214541,36.3362175509685,0,308.223339585441,0.732565291678246,0,4.04864331742591
"BEL","Belgium",48.081957038431,28.840007985252,0.0852303072873768,0,0.297199377348421,0.000202381405758828,0,0.000697819488763677,10.2510508599667,0,32.5991741022064,0.02462232335464,0,0.0788073142414171
"BHS","Bahamas",0,0,0,0,0,0,0,0,0,0,0,0,0,0
"BGD","Bangladesh",0,0,0,0,0,0,0,0,0,0,0,0,0,0
"BIH","Bosnia and Herzegovina",0,0,0,0,0,0,0,0,0,0,0,0,0,0
"BEN","Benin",408.491929348242,211.638727795973,0.140002668357943,0,1.33566898902165,0.00467631261543098,0,0.0190944914369852,3.77216604806804,0,28.3977570476304,0.112649902535959,0,0.393847291519897
"BGR","Bulgaria",0.408579941886196,0.463858844942568,0.00268482673375875,0,0.0106912157821392,6.38463791206175e-06,0,2.48754612230908e-05,0.740859144291284,0,2.35850697331645,0.00179036497778319,0,0.00574171439680985
"CAN","Canada",0,0,0,0,0,0,0,0,0,0,0,0,0,0
"COG","Congo",1011.28076722097,1098.71399374482,4.00063974423004,0,38.1215146877919,0.0574423970864967,0,0.466140944458362,150.367284491121,0,1223.28041857077,2.12493000213243,0,15.2185217212942
"CHN","China",195.587399579056,149.902637527155,1.22280369326687,0,5.56319420035023,0.00477990093013187,0,0.0205633410160945,72.8610581141972,0,351.309670782949,0.253106758017289,0,1.19463477269734
"CMR","Cameroon",9113.95372204376,2214.54710564633,29.44021848378,0,133.882213736418,0.370045542327685,0,1.54816641532034,899.151141415342,0,4440.41343818384,12.5052342409441,0,57.9904052855882
"CAF","Central African Republic",3462.38599916713,646.66945199927,0.677058513352498,0,6.7815644514046,0.0166039027878356,0,0.0964878107300284,20.360834153508,0,199.208213229055,0.561246478185329,0,3.12198984116097
"CPV","Cabo Verde",0,0,0,0,0,0,0,0,0,0,0,0,0,0
"CYP","Cyprus",14.1399794585215,10.2786318427525,0.418404685512437,0,1.23294837684726,0.00204778656115943,0,0.00587553467917109,26.6375213980973,0,64.0546809749242,0.132211328945119,0,0.310568281512261
"DNK","Denmark",153.012090401105,72.7270405689571,0.146963799851216,0,0.555461643987671,0.000351262565804144,0,0.00130733176166384,67.5751581321283,0,245.389657619042,0.163130632888662,0,0.592397168363202
"ECU","Ecuador",0,0,0,0,0,0,0,0,0,0,0,0,0,0
"IRL","Ireland",7.22969266292583,4.12786542354992,0.00450482740157599,0,0.0188203737273095,1.08420122245933e-05,0,4.508779951788e-05,2.25549468463476,0,11.0671504043706,0.00544328484254635,0,0.0260247158327579
"EST","Estonia",0,0,0,0,0,0,0,0,0,0,0,0,0,0
"ETH","Ethiopia",19115.1297135207,3108.68632944886,9.62492891342686,0,66.3723826916277,0.158320557913385,0,0.804259134815949,332.919794957884,0,1874.85259999117,5.15325758614061,0,21.626821308918
"CZE","Czech Republic",8.63480493255281,13.8586637003409,0.0341694643359628,0,0.124545528541576,8.12557493493263e-05,0,0.000292604012297606,3.87709974325085,0,12.1617144019099,0.00938495591421475,0,0.0293919641867203
"FIN","Finland",11.9735148263232,8.61828603749272,0.0116184693046168,0,0.0693977150997525,2.07947247930457e-05,0,0.000122140850601875,0.7952573429709,0,4.56887938504175,0.00144733267780393,0,0.0084469279110713
"FRA","France",162.079165889271,75.3047187144818,0.373865793713503,0,1.44652714291854,0.0010960007423643,0,0.00427569642211821,38.5593796966718,0,141.586938375824,0.11456801622916,0,0.438404809740407
"GMB","Gambia",128.087156366748,40.8916973156056,0.0494848600724857,0,0.371167469791336,0.00128172057050066,0,0.00518028968961082,2.82693378828445,0,19.4695155279103,0.0518528894945385,0,0.263582213248611
"GEO","Georgia",0,0,0,0,0,0,0,0,0,0,0,0,0,0
"GHA","Ghana",4558.57241657527,1926.62087540544,10.9801541310839,0,38.5651810987926,0.158026959861001,0,0.45853848294771,262.037585135461,0,797.755949327836,3.70257682557289,0,9.39323574884288
"DEU","Germany",1840.17236901953,1276.21687684106,3.24779901485082,0,11.6994335760209,0.00773140474691757,0,0.0276597179525194,461.747067462702,0,1512.56441831262,1.11366081051677,0,3.65621315209678
"GRC","Greece",18.6012746319289,5.6146521549146,0.0552329078734012,0,0.257284466012052,0.000260039481589946,0,0.001192843324095,4.77639545257001,0,19.7315755542237,0.0218886895952162,0,0.0899930854008807
"GIN","Guinea",994.660865425425,188.206865404606,1.06460780042252,0,5.67195124226382,0.0167487888016368,0,0.0686724376806809,39.0051036503996,0,210.638909689762,0.562548054662076,0,2.58753690600483
"HTI","Haiti",0,0,0,0,0,0,0,0,0,0,0,0,0,0
"HUN","Hungary",0,0,0,0,0,0,0,0,0,0,0,0,0,0
"IDN","Indonesia",0,0,0,0,0,0,0,0,0,0,0,0,0,0
"IRN","Iran (Islamic Republic of)",524.451476987055,217.069469845587,1.62756130326731,0,6.95046965796263,0.00476130333144221,0,0.0225078466242013,70.4228601786791,0,326.098167332513,0.230348936452417,0,1.15529602532714
"ITA","Italy",150.273111487026,81.481276320132,0.82483907914598,0,3.23798936043041,0.00324062593359698,0,0.0121872816330587,99.5310584950286,0,355.255630632023,0.322187936602039,0,1.11015591139386
"CIV","Cote d'Ivoire",17114.0026126532,4945.42719554893,39.8923684908351,0,137.976118652599,0.538723558020424,0,1.59118668855115,879.511905814116,0,2766.98817810738,11.8033644964346,0,32.2032535388969
"JOR","Jordan",0,0,0,0,0,0,0,0,0,0,0,0,0,0
"KEN","Kenya",5892.24596520997,1013.99342862224,4.0203415153001,0,28.4626207351033,0.0751731031215161,0,0.34916713505223,200.737369175107,0,1313.04691278168,3.31297353058822,0,15.2367493561057
"KGZ","Kyrgyzstan",0,0,0,0,0,0,0,0,0,0,0,0,0,0
"KOR","Republic of Korea",0,0,0,0,0,0,0,0,0,0,0,0,0,0
"KWT","Kuwait",0,0,0,0,0,0,0,0,0,0,0,0,0,0
"KAZ","Kazakhstan",3.73090999313238,0.929500364140097,0.000704340738514056,0,0.0041248801629086,3.8570479767483e-06,0,2.31132006855408e-05,0.136776558249963,0,0.714248525466416,0.000697065435716994,0,0.00359701430836832
"LBN","Lebanon",0,0,0,0,0,0,0,0,0,0,0,0,0,0
"LVA","Latvia",0,0,0,0,0,0,0,0,0,0,0,0,0,0
"LTU","Lithuania",0.613065937577366,2.01996307041981,0.00334014784354872,0,0.0137184264272074,8.02814376263575e-06,0,3.22093637014331e-05,0.345415886254203,0,1.26661295190183,0.000833938769071602,0,0.00310778915450411
"SVK","Slovakia",8.63536654986942,15.4472166940828,0.0488402777364599,0,0.176285409340119,0.000119804978553932,0,0.000417038521293601,9.07094344951621,0,28.4414974669153,0.0229021967585935,0,0.0705666133477206
"LUX","Luxembourg",7.11808200515311,3.6700553927616,0.00896571891455971,0,0.0300029276282725,2.12377055489424e-05,0,7.1125502030865e-05,0.961336157955191,0,2.75569563934343,0.00231093577046892,0,0.00657828655973836
"MDG","Madagascar",964.971942148724,261.929735504702,14.3812254579888,0,71.2147733822368,0.170204703947554,0,0.773693803568237,69.1573956045687,0,364.058184561342,0.808262457738064,0,3.78850051022677
"MDA","Republic of Moldova",0,0,0,0,0,0,0,0,0,0,0,0,0,0
"MLI","Mali",5670.20922161273,847.229008036157,0.184859253829511,0,2.33311821464996,0.00598802317665357,0,0.0291800797559625,13.3655867740515,0,120.251891089409,0.321399862740806,0,1.41771665241281
"MAR","Morocco",2856.71614648115,837.841019331319,6.30219084767653,0,28.23687388015,0.0291978894830895,0,0.129295330231063,321.543949817181,0,1347.88627244988,1.37337705664324,0,5.78940449275471
"MUS","Mauritius",23.9750873277813,13.2446624544765,1.94698470437323,0,4.56772551508688,0.023616878133475,0,0.047885491901994,17.3426007518789,0,42.4084827150951,0.211657864734607,0,0.452075507394762
"MRT","Mauritania",0,0,0,0,0,0,0,0,0,0,0,0,0,0
"MLT","Malta",0.234823572836448,0.139751992224625,0.00225752553403801,0,0.0073449371325827,1.11966636115196e-05,0,3.59980288383183e-05,0.0749071632117743,0,0.240285644321206,0.000373557658104464,0,0.00115304192374189
"YEM","Yemen",0,0,0,0,0,0,0,0,0,0,0,0,0,0
"ZWE","Zimbabwe",3282.14899701326,997.260243731009,1.01516823960234,0,10.8790675314769,0.0325652439188885,0,0.156946328913738,108.192124908988,0,977.264940355401,2.56907689495214,0,12.9214884766666
"NER","Niger",7230.66641252123,1115.12408158688,0.162696668091213,0,2.36397000300926,0.00495800878065446,0,0.0272374978520955,6.57748640679807,0,82.2892694724698,0.154953702472049,0,0.805885997262572
"NGA","Nigeria",25317.4704364562,5000.46577555897,18.5285646752076,0,98.3443181252147,0.30244097111201,0,1.21644269409007,1130.98653806312,0,4639.94372662725,15.9684790139144,0,56.5385597973914
"NLD","Netherlands",81.379699869178,46.0989832850675,0.144398987125543,0,0.508994686785559,0.000343102870040444,0,0.00119216424196971,17.8755765577844,0,58.1543907363223,0.0429369848334091,0,0.140947752793338
"NOR","Norway",138.663955115118,61.1457299390166,0.0553542592743133,0,0.416387769550976,0.000124481379541993,0,0.000967541126686596,18.3321800316744,0,155.460885512587,0.0477779547003922,0,0.409112127577016
"NPL","Nepal",0,0,0,0,0,0,0,0,0,0,0,0,0,0
"NZL","New Zealand",2241.40958101621,407.022829229616,5.19072769729362,0,30.4143999957949,0.0231348609905774,0,0.134546881869715,120.349775946049,0,701.15711932313,0.515913397668338,0,2.93209951757538
"PER","Peru",617.228179083129,153.852070869257,3.37917727425025,0,24.7790380185346,0.0405455223688589,0,0.292411165673158,53.1733910972913,0,381.392046667569,0.631615930995368,0,4.34874906147742
"POL","Poland",18.0641623501551,77.9792364612819,0.166828350891449,0,0.697687300833688,0.000400268532783054,0,0.00163967104977593,29.1051726451595,0,104.205082005614,0.0710850268655027,0,0.256580040249743
"PRT","Portugal",147.151856972808,90.9771386650831,1.19514506795234,0,4.30264438708961,0.00371535667168787,0,0.0134575818230151,73.0425564371658,0,238.171344961105,0.265273834917223,0,0.848970116788032
"ROU","Romania",115.647587994982,79.8465247778445,0.253518543390847,0,0.997371958222554,0.000636993699185232,0,0.00246637836909288,38.6243842936283,0,127.641373778361,0.0984788260155437,0,0.323951975039118
"RUS","Russian Federation",0.118512283760421,0.060996146423681,6.71845848992521e-05,0,0.000563554352456971,1.52389275835314e-07,0,1.17044306257424e-06,0.00774134328386152,0,0.0617515438845443,1.95222573111125e-05,0,0.000142201081639858
"RWA","Rwanda",2219.00973186301,456.802060942196,9.25198934324524,0,30.2171598449112,0.122677481802924,0,0.32807364382621,224.420629975262,0,795.06351947827,3.38903423771845,0,8.7719530545339
"SAU","Saudi Arabia",0,0,0,0,0,0,0,0,0,0,0,0,0,0
"ZAF","South Africa",2984.67482291399,1168.13651065508,6.49805579718234,0,36.9952909922303,0.0617202814617401,0,0.319647859212536,429.400375248137,0,2249.62225921763,4.39524792646054,0,20.1088873752702
"SEN","Senegal",10.3721699398126,2.14436613980539,0.00104829561126904,0,0.011363177348262,3.90130793253639e-05,0,0.00016480237854334,0.0291203882677373,0,0.273936332006932,0.000957950820151599,0,0.00382331433527766
"SVN","Slovenia",2.29150309929345,1.25155333585588,0.00952138599945912,0,0.038681734434412,2.53455749569042e-05,0,0.000105230950607866,1.2864416647484,0,4.54480038090157,0.00346499895448126,0,0.0123192900447061
"ESP","Spain",107.334064800798,81.6664156207066,0.802810653200528,0,2.99563038885822,0.00315679166778542,0,0.0119304969473289,55.9469635869167,0,189.898754727902,0.215695989125445,0,0.733546379292309
"SRB","Serbia",0,0,0,0,0,0,0,0,0,0,0,0,0,0
"SDN","Sudan (former)",1893.65887588086,240.178047510345,0.0633171191124949,0,0.753945761009864,0.00204129747630782,0,0.010394927354297,3.5920521538365,0,34.6897590639181,0.0938786997457608,0,0.457364856021339
"SWE","Sweden",602.813949759333,359.483980846973,0.465352445512921,0,2.57483950426279,0.000947940893096473,0,0.00510313510066455,54.5778925791026,0,314.384182688756,0.123465141975617,0,0.72703288840162
"CHE","Switzerland",180.735084558146,90.3424935044143,0.554667348518233,0,2.62584010862289,0.00140765033804657,0,0.00658302527960289,52.1153478737354,0,209.239973853909,0.135422661666971,0,0.537853103528723
"ARE","United Arab Emirates",1.46949482092313,0.579361116618038,0.00027665282778914,0,0.00265134030990976,2.39007038010636e-06,0,2.16905565943175e-05,0.0235825077487951,0,0.232491200951265,0.000214044485600165,0,0.00202009748436309
"THA","Thailand",0,0,0,0,0,0,0,0,0,0,0,0,0,0
"TUN","Tunisia",34.5894722535497,8.28431606752778,0.0395522733634283,0,0.197044830388228,0.000184799360886464,0,0.000938028571928067,1.46840549809076,0,7.02082575702184,0.00590742244208721,0,0.0299133072463108
"TZA","United Republic of Tanzania",3753.56289409196,750.273594973796,5.79202782116296,0,40.7037723601235,0.0898716090123466,0,0.49182437527142,166.085607127734,0,1249.95572563651,3.03606843987813,0,15.8220090056051
"GBR","United Kingdom",150.690325391509,89.3944876385852,0.120576783274711,0,0.532841754845907,0.00029449968084835,0,0.00129596345418793,74.9449827523189,0,333.440417823604,0.184377903588052,0,0.817123321719362
"USA","United States of America",13771.2964305728,6189.66726999016,40.3729700493499,0,206.276554399742,0.135724156907809,0,0.687621715495661,3114.20102746582,0,16571.9568349964,9.97648644989188,0,51.8476250581314
"BFA","Burkina Faso",1164.83579214854,228.375688234281,0.0894955826438457,0,1.044814492656,0.00354203720192866,0,0.0150036958665583,1.96004703053194,0,21.4567058591388,0.0808543022872725,0,0.3023506729224
"URY","Uruguay",63.1750333176434,10.6068215326755,0.0267738807312884,0,0.178659102330823,0.000505939652479281,0,0.0023137973112365,0.822683744868878,0,5.31557346866101,0.0155501237521187,0,0.0676497965122026
"NAM","Namibia",660.115368537454,176.110950139086,0.26347574882259,0,1.85147199989346,0.00323308234163148,0,0.0188369486707449,15.2405021493325,0,120.111944059863,0.230146514093543,0,1.31109329856464
